{"current":{"logo":"shopify:\/\/shop_images\/IMG_0625.png","logo_width":70,"favicon":"shopify:\/\/shop_images\/F3A00737-1194-412B-BF26-58CF87CB77A6.png","colors_solid_button_labels":"{{ shop.brand.colors.primary[1].background }}","colors_accent_1":"#e5e0e7","gradient_accent_1":"linear-gradient(0deg, rgba(56, 17, 255, 0.7) 16%, rgba(82, 202, 236, 1) 54%, rgba(82, 236, 91, 1) 76%)","colors_accent_2":"#440c81","gradient_accent_2":"","colors_text":"#000000","colors_outline_button_labels":"{{ shop.brand.colors.primary[0].foreground }}","colors_background_1":"{{ shop.brand.colors.primary[1].background }}","gradient_background_1":"linear-gradient(45deg, rgba(13, 157, 255, 1), rgba(8, 255, 144, 1) 21%, rgba(47, 202, 255, 1) 28%, rgba(0, 194, 255, 1) 38%, rgba(36, 255, 157, 1) 47%, rgba(0, 255, 198, 1) 54%, rgba(9, 233, 244, 1) 56%, rgba(20, 255, 13, 1) 74%, rgba(36, 235, 255, 1) 79%, rgba(25, 234, 255, 1) 97%)","colors_background_2":"{{ shop.brand.colors.primary[1].background }}","gradient_background_2":"linear-gradient(4140deg, rgba(0, 172, 250, 1) 8%, rgba(57, 175, 250, 0.99) 13%, rgba(10, 239, 85, 1) 40%, rgba(25, 250, 250, 0.83) 56%, rgba(47, 205, 250, 0.99) 76%, rgba(13, 136, 250, 1) 92%)","type_header_font":"pt_sans_n4","heading_scale":110,"type_body_font":"pt_sans_n4","body_scale":100,"page_width":1600,"spacing_sections":0,"spacing_grid_horizontal":8,"spacing_grid_vertical":12,"buttons_border_thickness":2,"buttons_border_opacity":100,"buttons_radius":32,"buttons_shadow_opacity":20,"buttons_shadow_horizontal_offset":-4,"buttons_shadow_vertical_offset":-4,"buttons_shadow_blur":20,"variant_pills_border_thickness":1,"variant_pills_border_opacity":55,"variant_pills_radius":40,"variant_pills_shadow_opacity":0,"variant_pills_shadow_horizontal_offset":0,"variant_pills_shadow_vertical_offset":4,"variant_pills_shadow_blur":5,"inputs_border_thickness":1,"inputs_border_opacity":30,"inputs_radius":10,"inputs_shadow_opacity":0,"inputs_shadow_horizontal_offset":-6,"inputs_shadow_vertical_offset":-12,"inputs_shadow_blur":0,"card_style":"card","card_image_padding":16,"card_text_alignment":"left","card_color_scheme":"accent-2","card_border_thickness":1,"card_border_opacity":100,"card_corner_radius":18,"card_shadow_opacity":0,"card_shadow_horizontal_offset":-26,"card_shadow_vertical_offset":-24,"card_shadow_blur":5,"collection_card_style":"card","collection_card_image_padding":8,"collection_card_text_alignment":"left","collection_card_color_scheme":"inverse","collection_card_border_thickness":1,"collection_card_border_opacity":100,"collection_card_corner_radius":18,"collection_card_shadow_opacity":0,"collection_card_shadow_horizontal_offset":0,"collection_card_shadow_vertical_offset":4,"collection_card_shadow_blur":5,"blog_card_style":"card","blog_card_image_padding":16,"blog_card_text_alignment":"left","blog_card_color_scheme":"background-1","blog_card_border_thickness":1,"blog_card_border_opacity":100,"blog_card_corner_radius":18,"blog_card_shadow_opacity":0,"blog_card_shadow_horizontal_offset":0,"blog_card_shadow_vertical_offset":4,"blog_card_shadow_blur":5,"text_boxes_border_thickness":3,"text_boxes_border_opacity":15,"text_boxes_radius":12,"text_boxes_shadow_opacity":25,"text_boxes_shadow_horizontal_offset":-4,"text_boxes_shadow_vertical_offset":-8,"text_boxes_shadow_blur":0,"media_border_thickness":2,"media_border_opacity":40,"media_radius":20,"media_shadow_opacity":0,"media_shadow_horizontal_offset":0,"media_shadow_vertical_offset":4,"media_shadow_blur":5,"popup_border_thickness":1,"popup_border_opacity":10,"popup_corner_radius":18,"popup_shadow_opacity":0,"popup_shadow_horizontal_offset":0,"popup_shadow_vertical_offset":4,"popup_shadow_blur":5,"drawer_border_thickness":4,"drawer_border_opacity":10,"drawer_shadow_opacity":0,"drawer_shadow_horizontal_offset":0,"drawer_shadow_vertical_offset":4,"drawer_shadow_blur":5,"badge_position":"top left","badge_corner_radius":0,"sale_badge_color_scheme":"background-2","sold_out_badge_color_scheme":"inverse","accent_icons":"accent-1","brand_image":"shopify:\/\/shop_images\/IMG_0625.png","social_facebook_link":"facebook.com\/frizonbuilds","social_instagram_link":"instagram.com\/frizonbuilds","social_youtube_link":"https:\/\/youtube.com\/frizonbuilds","social_tiktok_link":"tiktok.com\/@frizonbuilds","social_twitter_link":"","social_snapchat_link":"","social_pinterest_link":"","social_tumblr_link":"","social_vimeo_link":"","predictive_search_enabled":true,"predictive_search_show_vendor":true,"predictive_search_show_price":true,"currency_code_enabled":true,"cart_type":"notification","show_vendor":true,"show_cart_note":true,"cart_drawer_collection":"frontpage","checkout_header_image":"shopify:\/\/shop_images\/B1CC214D-527B-4EA9-8134-1C2A44DB8F29.png","checkout_logo_image":"shopify:\/\/shop_images\/B1CC214D-527B-4EA9-8134-1C2A44DB8F29.png","checkout_body_background_image":"shopify:\/\/shop_images\/B1CC214D-527B-4EA9-8134-1C2A44DB8F29.png","checkout_body_background_color":"#000000","checkout_sidebar_background_image":"shopify:\/\/shop_images\/B1CC214D-527B-4EA9-8134-1C2A44DB8F29.png","checkout_accent_color":"#ffffff","checkout_button_color":"#1eff00","sections":{"announcement-bar":{"type":"announcement-bar","settings":{}},"header":{"type":"header","custom_css":[],"settings":{"logo_position":"top-center","menu":"frizon","menu_type_desktop":"dropdown","show_line_separator":false,"color_scheme":"accent-2","mobile_logo_position":"center","margin_bottom":8,"padding_top":4,"padding_bottom":4}},"footer":{"type":"footer","blocks":{"footer-0":{"type":"link_list","settings":{"heading":"2023 Frizon Co.","menu":"frizon"}},"footer-1":{"type":"link_list","settings":{"heading":"","menu":"main-menu"}},"text":{"type":"text","settings":{"heading":"","subtext":""}},"image":{"type":"image","settings":{"image":"shopify:\/\/shop_images\/3362B5E9-7BD5-4EC8-9B22-B36BEA01A7D2.png","image_width":100,"alignment":"center"}}},"block_order":["footer-0","footer-1","text","image"],"settings":{"color_scheme":"background-1","newsletter_enable":true,"newsletter_heading":"Login to Frizon","show_social":true,"enable_country_selector":true,"enable_language_selector":true,"payment_enable":true,"margin_top":0,"padding_top":20,"padding_bottom":20}},"main-password-header":{"type":"main-password-header","settings":{"color_scheme":"inverse"}},"main-password-footer":{"type":"main-password-footer","settings":{"color_scheme":"inverse"}}},"content_for_index":[]},"presets":{"Default":{"logo_width":140,"colors_solid_button_labels":"#ffffff","colors_accent_1":"#4770db","gradient_accent_1":"","colors_accent_2":"#0e1b4d","gradient_accent_2":"","colors_text":"#0e1b4d","colors_outline_button_labels":"#0e1b4d","colors_background_1":"#eff0f5","gradient_background_1":"","colors_background_2":"#FFFFFF","gradient_background_2":"","type_header_font":"archivo_n7","heading_scale":110,"type_body_font":"questrial_n4","body_scale":105,"page_width":1200,"spacing_sections":0,"spacing_grid_horizontal":28,"spacing_grid_vertical":28,"buttons_border_thickness":1,"buttons_border_opacity":100,"buttons_radius":40,"buttons_shadow_opacity":0,"buttons_shadow_horizontal_offset":0,"buttons_shadow_vertical_offset":4,"buttons_shadow_blur":5,"variant_pills_border_thickness":1,"variant_pills_border_opacity":55,"variant_pills_radius":40,"variant_pills_shadow_opacity":0,"variant_pills_shadow_horizontal_offset":0,"variant_pills_shadow_vertical_offset":4,"variant_pills_shadow_blur":5,"inputs_border_thickness":1,"inputs_border_opacity":55,"inputs_radius":26,"inputs_shadow_opacity":0,"inputs_shadow_horizontal_offset":0,"inputs_shadow_vertical_offset":4,"inputs_shadow_blur":5,"card_style":"card","card_image_padding":16,"card_text_alignment":"left","card_color_scheme":"background-1","card_border_thickness":1,"card_border_opacity":100,"card_corner_radius":18,"card_shadow_opacity":0,"card_shadow_horizontal_offset":0,"card_shadow_vertical_offset":4,"card_shadow_blur":5,"collection_card_style":"card","collection_card_image_padding":16,"collection_card_text_alignment":"left","collection_card_color_scheme":"background-1","collection_card_border_thickness":1,"collection_card_border_opacity":100,"collection_card_corner_radius":18,"collection_card_shadow_opacity":0,"collection_card_shadow_horizontal_offset":0,"collection_card_shadow_vertical_offset":4,"collection_card_shadow_blur":5,"blog_card_style":"card","blog_card_image_padding":16,"blog_card_text_alignment":"left","blog_card_color_scheme":"background-1","blog_card_border_thickness":1,"blog_card_border_opacity":100,"blog_card_corner_radius":18,"blog_card_shadow_opacity":0,"blog_card_shadow_horizontal_offset":0,"blog_card_shadow_vertical_offset":4,"blog_card_shadow_blur":5,"text_boxes_border_thickness":0,"text_boxes_border_opacity":10,"text_boxes_radius":20,"text_boxes_shadow_opacity":0,"text_boxes_shadow_horizontal_offset":0,"text_boxes_shadow_vertical_offset":4,"text_boxes_shadow_blur":5,"media_border_thickness":0,"media_border_opacity":10,"media_radius":20,"media_shadow_opacity":0,"media_shadow_horizontal_offset":0,"media_shadow_vertical_offset":4,"media_shadow_blur":5,"popup_border_thickness":1,"popup_border_opacity":10,"popup_corner_radius":18,"popup_shadow_opacity":0,"popup_shadow_horizontal_offset":0,"popup_shadow_vertical_offset":4,"popup_shadow_blur":5,"drawer_border_thickness":0,"drawer_border_opacity":10,"drawer_shadow_opacity":0,"drawer_shadow_horizontal_offset":0,"drawer_shadow_vertical_offset":4,"drawer_shadow_blur":5,"badge_position":"top left","badge_corner_radius":0,"sale_badge_color_scheme":"accent-1","sold_out_badge_color_scheme":"background-1","accent_icons":"text","brand_headline":"","brand_description":"<p><\/p>","brand_image_width":100,"social_twitter_link":"","social_facebook_link":"","social_pinterest_link":"","social_snapchat_link":"","social_instagram_link":"","social_tiktok_link":"","social_tumblr_link":"","social_youtube_link":"","social_vimeo_link":"","predictive_search_enabled":true,"predictive_search_show_vendor":false,"predictive_search_show_price":false,"currency_code_enabled":false,"cart_type":"drawer","show_vendor":false,"show_cart_note":false,"cart_drawer_collection":"","sections":{"main-password-header":{"type":"main-password-header","settings":{"color_scheme":"inverse"}},"main-password-footer":{"type":"main-password-footer","settings":{"color_scheme":"inverse"}}}}},"platform_customizations":{"custom_css":[]}}