{"name":"t:sections.footer.name","type":"footer","sections":{"4f99be05-b1b6-4a13-a6a7-1451ac70875f":{"type":"newsletter","blocks":{"sections--16750768029952__4f99be05-b1b6-4a13-a6a7-1451ac70875f-16810148641510d150-0":{"type":"heading","settings":{"heading":"Link your business email to begin integrations","heading_size":"h2"}},"sections--16750768029952__4f99be05-b1b6-4a13-a6a7-1451ac70875f-16810148641510d150-1":{"type":"paragraph","settings":{"text":""}},"sections--16750768029952__4f99be05-b1b6-4a13-a6a7-1451ac70875f-16810148641510d150-2":{"type":"email_form","settings":{}}},"block_order":["sections--16750768029952__4f99be05-b1b6-4a13-a6a7-1451ac70875f-16810148641510d150-0","sections--16750768029952__4f99be05-b1b6-4a13-a6a7-1451ac70875f-16810148641510d150-1","sections--16750768029952__4f99be05-b1b6-4a13-a6a7-1451ac70875f-16810148641510d150-2"],"settings":{"color_scheme":"background-2","full_width":true,"padding_top":4,"padding_bottom":8}},"footer":{"type":"footer","blocks":{"06cb0032-935c-4e4f-a99e-e96b775cfc18":{"type":"brand_information","settings":{"show_social":true}}},"block_order":["06cb0032-935c-4e4f-a99e-e96b775cfc18"],"settings":{"color_scheme":"background-2","newsletter_enable":true,"newsletter_heading":"2023 Frizon Co.","enable_follow_on_shop":false,"show_social":true,"enable_country_selector":true,"enable_language_selector":true,"payment_enable":true,"show_policy":true,"margin_top":0,"padding_top":20,"padding_bottom":4}}},"order":["4f99be05-b1b6-4a13-a6a7-1451ac70875f","footer"]}