{"name":"t:sections.header.name","type":"header","sections":{"announcement-bar":{"type":"announcement-bar","disabled":true,"blocks":{"30d36673-43bb-42a3-912d-2f30b0221563":{"type":"announcement","settings":{"text":"Frizon","text_alignment":"center","color_scheme":"inverse","link":""}}},"block_order":["30d36673-43bb-42a3-912d-2f30b0221563"],"custom_css":[],"settings":{}},"header":{"type":"header","custom_css":[],"settings":{"logo_position":"top-center","menu":"frizon","menu_type_desktop":"mega","sticky_header_type":"reduce-logo-size","show_line_separator":false,"color_scheme":"background-2","enable_country_selector":true,"enable_language_selector":true,"mobile_logo_position":"center","margin_bottom":0,"padding_top":0,"padding_bottom":0}}},"order":["announcement-bar","header"]}