{"sections":{"e843a1a9-a404-4c36-8b70-5745cbaed61b":{"type":"rich-text","blocks":{"3f7a2e53-8d3b-49b5-ac53-bc4f7a244f3d":{"type":"heading","settings":{"heading":"<strong>Frizon<\/strong>","heading_size":"hxl"}},"466183f9-2542-4e04-bb78-7027066c16e4":{"type":"heading","settings":{"heading":"Online Business Builder","heading_size":"h2"}},"c1b883a8-270c-4572-bb85-7593daf2bc12":{"type":"button","settings":{"button_label":"Download","button_link":"https:\/\/cdn.shopify.com\/s\/files\/1\/0646\/0031\/0016\/files\/theme_export__frizonbuilds-com-empire_refresh_frizon__02APR2023-0819pm.zip?v=1682532303","button_style_secondary":true,"button_label_2":"","button_link_2":"","button_style_secondary_2":false}},"template--16739203023104__e843a1a9-a404-4c36-8b70-5745cbaed61b-1680106397b4d513bb-2":{"type":"button","settings":{"button_label":"Login","button_link":"https:\/\/frizonbuilds.com\/account","button_style_secondary":true,"button_label_2":"Sign-Up","button_link_2":"shopify:\/\/pages\/account","button_style_secondary_2":true}}},"block_order":["3f7a2e53-8d3b-49b5-ac53-bc4f7a244f3d","466183f9-2542-4e04-bb78-7027066c16e4","c1b883a8-270c-4572-bb85-7593daf2bc12","template--16739203023104__e843a1a9-a404-4c36-8b70-5745cbaed61b-1680106397b4d513bb-2"],"settings":{"desktop_content_position":"center","content_alignment":"center","color_scheme":"background-2","full_width":true,"padding_top":12,"padding_bottom":16}},"9bf95d6e-df02-4c4b-b15b-bd955f92dd00":{"type":"collapsible-content","blocks":{"template--16750767538432__9bf95d6e-df02-4c4b-b15b-bd955f92dd00-1680846849cef4af7c-0":{"type":"collapsible_row","settings":{"heading":"eCommerce","icon":"price_tag","row_content":"","page":"ecommerce"}},"template--16750767538432__9bf95d6e-df02-4c4b-b15b-bd955f92dd00-1680846849cef4af7c-1":{"type":"collapsible_row","settings":{"heading":"Website","icon":"leaf","row_content":"","page":"website"}},"template--16750767538432__9bf95d6e-df02-4c4b-b15b-bd955f92dd00-1680846849cef4af7c-2":{"type":"collapsible_row","settings":{"heading":"iOS App","icon":"apple","row_content":"","page":"ios-app-build"}},"292f645f-cb6f-4c59-acf8-7fafcd75fdbf":{"type":"collapsible_row","settings":{"heading":"Code","icon":"lightning_bolt","row_content":"","page":"code"}},"068fdb57-aa35-40ca-90ad-79002613cd3d":{"type":"collapsible_row","settings":{"heading":"Software Stack","icon":"lightning_bolt","row_content":"","page":"software-stack-build"}},"97879768-7b2b-4b8c-91b4-f8d02a6d0531":{"type":"collapsible_row","settings":{"heading":"Swift","icon":"plane","row_content":"","page":"swift"}}},"block_order":["template--16750767538432__9bf95d6e-df02-4c4b-b15b-bd955f92dd00-1680846849cef4af7c-0","template--16750767538432__9bf95d6e-df02-4c4b-b15b-bd955f92dd00-1680846849cef4af7c-1","template--16750767538432__9bf95d6e-df02-4c4b-b15b-bd955f92dd00-1680846849cef4af7c-2","292f645f-cb6f-4c59-acf8-7fafcd75fdbf","068fdb57-aa35-40ca-90ad-79002613cd3d","97879768-7b2b-4b8c-91b4-f8d02a6d0531"],"settings":{"caption":"","heading":"","heading_size":"h2","heading_alignment":"center","layout":"row","color_scheme":"background-2","container_color_scheme":"accent-1","open_first_collapsible_row":false,"image":"shopify:\/\/shop_images\/IMG_0606.png","image_ratio":"adapt","desktop_layout":"image_first","padding_top":16,"padding_bottom":16}},"35d8297d-cb4c-4757-b255-027a5a3e02ee":{"type":"slideshow","blocks":{"template--16750767538432__35d8297d-cb4c-4757-b255-027a5a3e02ee-1682543776b0eeb19c-0":{"type":"slide","settings":{"image":"shopify:\/\/shop_images\/IMG_0676.png","heading":"eCommerce","heading_size":"h0","subheading":"Frizon","button_label":"Builds","link":"shopify:\/\/pages\/ecommerce","button_style_secondary":false,"box_align":"middle-center","show_text_box":true,"text_alignment":"center","image_overlay_opacity":0,"color_scheme":"accent-1","text_alignment_mobile":"center"}},"template--16750767538432__35d8297d-cb4c-4757-b255-027a5a3e02ee-1682543776b0eeb19c-1":{"type":"slide","settings":{"image":"shopify:\/\/shop_images\/IMG_0670.png","heading":"CRM and SEO","heading_size":"h1","subheading":"Frizon","button_label":"Integrate","link":"shopify:\/\/pages\/crm","button_style_secondary":false,"box_align":"middle-center","show_text_box":true,"text_alignment":"center","image_overlay_opacity":0,"color_scheme":"accent-1","text_alignment_mobile":"center"}}},"block_order":["template--16750767538432__35d8297d-cb4c-4757-b255-027a5a3e02ee-1682543776b0eeb19c-0","template--16750767538432__35d8297d-cb4c-4757-b255-027a5a3e02ee-1682543776b0eeb19c-1"],"settings":{"layout":"full_bleed","slide_height":"adapt_image","slider_visual":"counter","auto_rotate":true,"change_slides_speed":3,"image_behavior":"ambient","show_text_below":true,"accessibility_info":"Slideshow about our brand"}},"404dd3d3-3bda-425d-b698-c6bd9c3faaed":{"type":"multirow","blocks":{"fed1c0a7-9501-4580-b6e0-e0e423b25d03":{"type":"row","settings":{"image":"shopify:\/\/shop_images\/5DC454BC-1A3F-4CE0-BDA7-D0A836F58966.png","caption":"Frizon | Website Builds","heading":"Shopify URL Creation","text":"","button_label":"Build","button_link":"shopify:\/\/pages\/e-commerce"}},"2f3ffc0e-fbc7-45f9-a3df-89499431134b":{"type":"row","settings":{"image":"shopify:\/\/shop_images\/5188524B-07C1-4CBB-9F67-DC44A1A1A5F1.png","caption":"Frizon | Website Builds","heading":"WiX URL Creation","text":"","button_label":"Build","button_link":"shopify:\/\/pages\/wix-website-build"}},"template--16739203023104__404dd3d3-3bda-425d-b698-c6bd9c3faaed-167882984973a73c36-1":{"type":"row","settings":{"image":"shopify:\/\/shop_images\/97AAB578-2F28-4339-B680-3F37B08489F0.png","caption":"Frizon | iOS App Builds","heading":"iOS Application Development","text":"","button_label":"Build","button_link":"shopify:\/\/pages\/ios-app-build"}},"template--16739203023104__404dd3d3-3bda-425d-b698-c6bd9c3faaed-167882984973a73c36-0":{"type":"row","settings":{"image":"shopify:\/\/shop_images\/CD865388-CD4C-4691-83DC-8309780EFEC1.png","caption":"Frizon | eCommerce","heading":"Instagram Shop","text":"","button_label":"Build","button_link":"shopify:\/\/pages\/instagram-shop"}},"template--16739203023104__404dd3d3-3bda-425d-b698-c6bd9c3faaed-167882984973a73c36-2":{"type":"row","settings":{"image":"shopify:\/\/shop_images\/F5C538E2-4C2D-4AD8-B792-58DDC25A2DC3.png","caption":"Frizon | eCOMMERCE","heading":"FaceBook Shop","text":"","button_label":"Build","button_link":"shopify:\/\/pages\/facebook-shop"}},"0c5c8489-ac43-4c62-8ac4-2c8bff215c0f":{"type":"row","settings":{"image":"shopify:\/\/shop_images\/5762C128-6CC5-4461-B640-FF33DFBFBDAD.png","caption":"Frizon | eCommerce","heading":"TikTok Shop","text":"","button_label":"Build","button_link":"shopify:\/\/pages\/tiktok-shopping"}},"4b9d699f-3512-4303-92c9-40bc39cc9367":{"type":"row","settings":{"image":"shopify:\/\/shop_images\/CA2769B8-785C-49CA-8488-785B693BD207.png","caption":"Frizon | eCommerce","heading":"Twitter Shop","text":"","button_label":"Build","button_link":"shopify:\/\/pages\/twitter-shopping"}},"13541df4-e1de-4c20-b899-921bd2ac7c4c":{"type":"row","settings":{"image":"shopify:\/\/shop_images\/8CD54188-02FC-4173-A8F0-E43378155CC9.png","caption":"Frizon | GitHub","heading":"GitHub Business Account","text":"","button_label":"Build","button_link":"shopify:\/\/pages\/github-repository"}}},"block_order":["fed1c0a7-9501-4580-b6e0-e0e423b25d03","2f3ffc0e-fbc7-45f9-a3df-89499431134b","template--16739203023104__404dd3d3-3bda-425d-b698-c6bd9c3faaed-167882984973a73c36-1","template--16739203023104__404dd3d3-3bda-425d-b698-c6bd9c3faaed-167882984973a73c36-0","template--16739203023104__404dd3d3-3bda-425d-b698-c6bd9c3faaed-167882984973a73c36-2","0c5c8489-ac43-4c62-8ac4-2c8bff215c0f","4b9d699f-3512-4303-92c9-40bc39cc9367","13541df4-e1de-4c20-b899-921bd2ac7c4c"],"settings":{"image_height":"adapt","desktop_image_width":"large","heading_size":"h2","text_style":"body","button_style":"secondary","desktop_content_position":"middle","desktop_content_alignment":"center","image_layout":"alternate-left","section_color_scheme":"background-2","row_color_scheme":"accent-1","mobile_content_alignment":"center","padding_top":16,"padding_bottom":16}}},"order":["e843a1a9-a404-4c36-8b70-5745cbaed61b","9bf95d6e-df02-4c4b-b15b-bd955f92dd00","35d8297d-cb4c-4757-b255-027a5a3e02ee","404dd3d3-3bda-425d-b698-c6bd9c3faaed"]}